{"is_source_file": true, "format": "Python", "description": "Source file for setting up a FastAPI application, including middleware configuration and a health check endpoint.", "external_files": ["fastapi", "fastapi.middleware.cors.CORSMiddleware"], "external_methods": ["FastAPI()", "CORSMiddleware", "app.add_middleware", "@app.get"], "published": ["app"], "classes": [], "methods": [{"name": "health_check()", "description": "Endpoint handler that returns a health status message.", "scope": "", "scopeKind": ""}], "calls": ["FastAPI()", "app.add_middleware", "CORSMiddleware", "@app.get"], "search-terms": ["FastAPI", "CORS", "health check", "main.py", "CORS middleware"], "state": 2, "file_id": 1, "knowledge_revision": 9, "git_revision": "69832e9ed0346be65797efefcc13ce7e3e4a5eae", "ctags": [{"_type": "tag", "name": "app", "path": "/home/kavia/workspace/code-generation/unified-meeting-platform-214154-214163/meeting_backend/src/api/main.py", "pattern": "/^app = FastAPI()$/", "language": "Python", "kind": "variable"}, {"_type": "tag", "name": "health_check", "path": "/home/kavia/workspace/code-generation/unified-meeting-platform-214154-214163/meeting_backend/src/api/main.py", "pattern": "/^def health_check():$/", "language": "Python", "kind": "function", "signature": "()"}], "hash": "58352bf5f133908bab16643199aa483d", "format-version": 4, "code-base-name": "meeting_backend", "filename": "meeting_backend/src/api/main.py", "fields": [{"name": "app = FastAPI()", "scope": "", "scopeKind": "", "description": "unavailable"}], "revision_history": [{"9": "69832e9ed0346be65797efefcc13ce7e3e4a5eae"}]}